실험번호,단계,Learning Rate,Dense Units,L2,학습종료Epoch,선택Epoch,Train Accuracy,Validation Accuracy,Validation Loss,현재최고ValidationAccuracy,학습시간(초),Seed
CNN-20_01,RS,0.0004,128,1e-05,26,19,79.57,74.84,0.738,74.84,60.5,42
CNN-20_02,RS,0.0005,256,1e-05,21,14,79.32,75.42,0.7417,75.42,53.6,42
CNN-20_03,RS,0.001,128,0.0005,18,11,73.85,72.88,0.9985,75.42,42.8,42
CNN-20_04,RS,0.001,192,1e-05,18,11,78.27,74.62,0.7554,75.42,44.0,42
CNN-20_05,RS,0.0003,256,0.0003,31,24,79.32,74.66,0.9043,75.42,78.3,42
CNN-20_06,RS,0.0004,256,0.0003,28,21,80.37,75.54,0.8819,75.54,74.7,42
CNN-20_07,RS,0.0007,192,0.0003,25,18,79.33,74.76,0.9287,75.54,61.2,42
CNN-20_08,RS,0.001,128,0.0001,17,10,75.99,73.84,0.8569,75.54,41.9,42
CNN-20_09,WRS,0.001,128,1e-05,17,10,77.28,74.2,0.7762,75.54,41.2,42
CNN-20_10,WRS,0.0003,192,1e-05,27,20,77.58,74.74,0.7519,75.54,68.1,42
CNN-20_11,WRS,0.0004,192,0.0001,25,18,78.49,74.24,0.8264,75.54,62.0,42
CNN-20_12,WRS,0.0005,192,0.0005,27,21,78.19,74.74,0.9452,75.54,67.3,42
CNN-20_13,WRS,0.0005,128,0.0005,29,22,78.18,75.76,0.9408,75.76,68.8,42
CNN-20_14,WRS,0.0005,192,5e-05,27,20,80.82,75.18,0.7942,75.76,66.3,42
CNN-20_15,WRS,0.0005,256,0.0005,22,15,75.56,73.22,1.0,75.76,54.9,42
CNN-20_16,WRS,0.0005,192,1e-05,27,20,82.28,76.06,0.7571,76.06,65.2,42
CNN-20_17,WRS,0.0005,192,0.0001,24,17,78.7,74.66,0.8449,76.06,58.1,42
CNN-20_18,WRS,0.0003,192,0.0005,35,28,78.39,74.5,0.9419,76.06,85.1,42
CNN-20_19,WRS,0.0005,256,0.0003,24,17,78.9,74.8,0.9262,76.06,59.1,42
CNN-20_20,WRS,0.001,192,0.0003,24,17,80.73,74.18,0.9592,76.06,57.5,42
