실험번호,Learning Rate,Dense Units,L2,최종학습정확도,최종검증정확도,Best Epoch,최소검증Loss,판정,메모
CNN-18_01,0.001,64,0,72.94,72.34,10,0.8084,기준비교,"CNN-17 기준에 가까운 설정"
CNN-18_02,0.0003,128,0,67.61,67.60,10,0.9277,성능하락,"Learning Rate 0.0003에서 학습이 충분히 진행되지 않음"
CNN-18_03,0.001,128,0,77.47,73.92,10,0.7647,상위권,"LR 0.001과 Dense 128 조합에서 높은 Validation 성능"
CNN-18_04,0.001,128,0.0005,72.15,71.78,10,1.0315,성능하락,"L2 0.0005 적용 시 성능 저하"
CNN-18_05,0.0005,256,0.0001,73.89,70.08,10,0.9344,성능하락,"낮은 Learning Rate와 L2 조합에서 성능 저하"
CNN-18_06,0.002,128,0.0001,76.28,71.80,8,0.9277,과적합경향,"Epoch 8에서 Validation 최고점 이후 성능 하락"
CNN-18_07,0.0003,256,0.0001,69.02,68.38,10,0.9687,성능하락,"Learning Rate 0.0003 영역에서 성능 낮음"
CNN-18_08,0.0005,64,0.00001,68.93,70.32,10,0.8772,중간,"약한 L2 적용. Validation이 Train보다 높게 나타남"
CNN-18_09,0.002,64,0.0005,67.33,67.98,10,1.0968,성능하락,"높은 Learning Rate와 강한 L2 조합에서 성능 저하"
CNN-18_10,0.0005,128,0.0005,68.67,69.70,10,1.0318,성능하락,"L2 0.0005가 과도한 규제로 작용한 것으로 보임"
CNN-18_11,0.0005,256,0.00001,74.57,71.40,9,0.8414,중간,"Epoch 9에서 최고점. Dense 256의 개선 효과는 제한적"
CNN-18_12,0.002,256,0.0005,72.56,72.24,9,1.0144,중간,"Validation Accuracy는 비교적 높지만 Validation Loss가 높음"
CNN-18_13,0.0003,64,0,65.16,66.98,10,0.9517,성능하락,"Learning Rate가 낮아 학습 성능 부족"
CNN-18_14,0.0003,256,0.0005,66.63,66.08,10,1.1152,성능하락,"20개 실험 중 가장 낮은 Validation 성능"
CNN-18_15,0.001,256,0,79.58,73.80,10,0.7940,상위권,"LR 0.001에서 Dense 256도 높은 성능 확인"
CNN-18_16,0.001,128,0.00001,77.26,74.24,10,0.7719,최고성능,"20개 실험 중 가장 높은 Validation 성능"
CNN-18_17,0.002,256,0.0001,77.17,70.80,9,0.9402,과적합경향,"Epoch 9 최고점 이후 Validation Accuracy가 크게 하락"
CNN-18_18,0.0003,64,0.0001,63.81,66.34,10,1.0022,성능하락,"낮은 Learning Rate와 L2 조합에서 성능 저하"
CNN-18_19,0.002,64,0.00001,73.54,71.68,10,0.8554,중간,"높은 Learning Rate에서도 약한 L2는 비교적 안정적"
CNN-18_20,0.0005,128,0.00001,71.43,69.38,10,0.8741,성능하락,"L2보다 Learning Rate 영향이 더 크게 나타남"
