실험번호,실험명,변경내용,Epoch,선택Epoch,학습정확도,검증정확도,테스트정확도,Learning Rate,Dense Units,L2,Validation Loss,Seed,판정,메모
CNN-01,초기 모델,기본 CNN 모델,5,,70.9,67.13,,,,,,미고정,기본값,
CNN-02,Epoch 변경,Epoch 5 → 10,10,,84.64,64.1,,,,,,미고정,과적합,
CNN-03,Epoch 변경,Epoch 10 → 15,15,,82.74,68.1,,,,,,미고정,과적합,
중간기록,수정 1,Epoch 단독 변경 실험 종료,,,,,,,,,,,,이후 Epoch는 5~10 범위에서 사용
CNN-04,Filter 변경,Conv Filter 32→64→64 에서 32→64→128,10,,82.96,67.95,,,,,,미고정,성능향상/과적합,최고 Validation Accuracy 69.44%. Filter 증가 후 성능은 소폭 향상했으나 과적합 발생
CNN-05,Filter 변경,Conv Filter 32→64→128 에서 32→128→128,10,,85.64,68.13,,,,,,미고정,성능향상/과적합,최고 Validation Accuracy 70.09% (Epoch 5). 성능은 소폭 향상했으나 과적합 증가
중간기록,수정 2,CNN-05의 Filter 구조를 유지하고 Batch Size 실험 진행,,,,,,,,,,,,Filter 32→128→128 유지
CNN-06,Batch Size 변경,Batch Size 32 → 64,10,,81.37,69.5,,,,,,미고정,성능향상/과적합 완화,최고 Validation Accuracy 70.89% (Epoch 6). Batch 32보다 Validation 성능 향상
CNN-07,Batch Size 변경,Batch Size 64 → 128,10,,77.58,72.2,,,,,,미고정,성능향상,최고 Validation Accuracy 72.20% (Epoch 10). 10 Epoch까지 Validation 성능 향상 확인
중간기록,수정 3,CNN-08부터 Seed = 42 고정,,,,,,,,,,,,이전 실험은 Seed 미고정
CNN-08,Batch Size 변경,Batch Size 128 → 256,10,,73.75,69.1,,,,,,42,학습속도 저하,Epoch 10까지 Validation 성능은 상승했으나 Batch 128 이전 실험보다 낮게 나옴
중간기록,수정 4,Batch Size 256 결과가 낮아 Batch Size 128을 기준값으로 채택,,,,,,,,,,,,이후 BatchNorm 실험 진행
CNN-09,BatchNorm 적용,Batch Size 256 상태에서 Batch Normalization 추가,10,,90.09,56.52,,,,,,42,과적합,최고 Validation Accuracy 64.80% (Epoch 4). Batch 256이 유지된 상태에서 BatchNorm 적용 후 Validation 성능 하락
중간기록,수정 5,CNN-09에서 Batch Size를 128로 변경하지 못함,,,,,,,,,,,,CNN-10에서 Batch Size 128로 수정 후 재실험
CNN-10,BatchNorm 적용,Batch Size 128에서 Batch Normalization 적용,10,,92.28,64.67,,,,,,42,과적합,최고 Validation Accuracy 70.43% (Epoch 7). Validation 성능 변동이 크고 후반 과적합 발생
중간기록,수정 6,입력 전처리 실험 시작,,,,,,,,,,,,0~1 정규화 대비 채널별 평균·표준편차 기반 표준화의 Validation 성능 변화 확인
CNN-11,입력 표준화,채널별 약한 표준화(강도 0.25) 적용 및 Batch Size 128 → 64,10,,93.06,69.98,,,,,,42,성능향상/과적합,최고 Validation Accuracy 72.55% (Epoch 6). Epoch 6 이후 과적합 발생
CNN-12,입력 표준화,채널별 표준화 강도 0.25 → 0.50,10,,93.03,68.95,,,,,,42,성능하락/과적합,최고 Validation Accuracy 71.95% (Epoch 7). 표준화 강도 0.25보다 성능이 소폭 하락하고 후반 과적합 발생
재검증-01,CNN-07 재검증,CNN-07 설정을 Train 45000 / Validation 5000 / Test 10000으로 분리해 재학습,10,,78.08,71.66,69.91,,,,,42,재검증,"최고 Validation Accuracy 72.18% (Epoch 8). Test Accuracy 69.91%, Test Loss 0.8733. 기존 CNN-07 설정을 Seed 42로 재현"
재검증-02,표준화 0.25 재검증,표준화 강도 0.25 모델을 Train 45000 / Validation 5000 / Test 10000으로 분리해 재학습,10,,93.11,70.12,68.75,,,,,42,과적합,"최고 Validation Accuracy 70.30% (Epoch 8). Test Accuracy 68.75%, Test Loss 1.4097. Train Accuracy 대비 Validation/Test 성능 격차가 큼"
중간기록,수정 7,07번 파라미터를 기준으로 검증. 다음 실험은 드롭아웃 부터 시작 ,,,,,,,,,,,,다음부턴 모델 여러개 한 방에 돌려야지 너무 귀찮다.
CNN-13,Dropout 변경,CNN-07 기준 Dense 뒤 Dropout 0.1 적용,10,,76.96,72.70,,,,,,42,성능향상,최고 Validation Accuracy 72.70% (Epoch 10). 최소 Validation Loss 0.7952 (Epoch 10)
CNN-14,Dropout 변경,CNN-07 기준 Dense 뒤 Dropout 0.3 적용,10,,75.02,73.58,,,,,,42,성능향상,최고 Validation Accuracy 73.58% (Epoch 10). 최소 Validation Loss 0.7679 (Epoch 10). 현재 Dropout 실험 중 최고 성능
CNN-15,Dropout 변경,CNN-07 기준 Dense 뒤 Dropout 0.5 적용,10,,70.20,73.16,,,,,,42,성능향상,최고 Validation Accuracy 73.16% (Epoch 10). 최소 Validation Loss 0.7833 (Epoch 10). Dropout 영향으로 Validation Accuracy가 Train Accuracy보다 높게 나타남
중간기록,수정 8,14번 파라미터가 확실히 좋아 보임. 일단 좀 더 좁혀서 한번 더 돌려보자. ,,,,,,,,,,,,
CNN-16,Dropout 변경,CNN-07 기준 Dense 뒤 Dropout 0.2 적용,10,,75.29,72.72,,,,,,42,성능향상,최고 Validation Accuracy 72.72% (Epoch 10). 최소 Validation Loss 0.7958 (Epoch 9)
CNN-17,Dropout 변경,CNN-07 기준 Dense 뒤 Dropout 0.3 적용,10,,75.02,73.58,,,,,,42,동일,최고 Validation Accuracy 73.58% (Epoch 10). 최소 Validation Loss 0.7679 (Epoch 10). Dropout 0.3 재실험 결과 동일하게 재현됨
CNN-18,Dropout 변경,CNN-07 기준 Dense 뒤 Dropout 0.4 적용,10,,72.86,73.28,,,,,,42,성능향상,최고 Validation Accuracy 73.28% (Epoch 10). 최소 Validation Loss 0.7818 (Epoch 10). 0.3보다 소폭 낮음
중간기록,수정 9, 드롭아웃은 0.3으로 고정? 이걸로 한 번 시드 다르게 해서 여러번 돌려보기 ,,,,,,,,,,,,
CNN-17_2,Dropout 재검증,Dropout 0.3 설정 Seed 변경,10,,75.02,73.58,,,,,,42,재현성 확인,최고 Validation Accuracy 73.58% (Epoch 10). 최소 Validation Loss 0.7679 (Epoch 10)
CNN-17_3,Dropout 재검증,Dropout 0.3 설정 Seed 변경,10,,72.20,72.56,,,,,,123,재현성 확인,최고 Validation Accuracy 72.56% (Epoch 10). 최소 Validation Loss 0.7992 (Epoch 10)
CNN-17_4,Dropout 재검증,Dropout 0.3 설정 Seed 변경,10,,71.11,71.92,,,,,,2026,재현성 확인,최고 Validation Accuracy 71.92% (Epoch 10). 최소 Validation Loss 0.8133 (Epoch 10)
CNN-17_5,Dropout 재검증,Dropout 0.3 설정 Seed 변경,10,,73.37,72.64,,,,,,7,재현성 확인,최고 Validation Accuracy 72.64% (Epoch 10). 최소 Validation Loss 0.7909 (Epoch 10)
CNN-17_6,Dropout 재검증,Dropout 0.3 설정 Seed 변경,10,,71.95,72.16,,,,,,99,재현성 확인,최고 Validation Accuracy 72.16% (Epoch 10). 최소 Validation Loss 0.8162 (Epoch 9)
중간기록,수정 10, 드롭아웃은 0.3으로 고정 ,,,,,,,,,,,,
CNN-18_01,,,10,10,72.94,72.34,,0.001,64,0,0.8084,,기준비교,CNN-17 기준에 가까운 설정
CNN-18_02,,,10,10,67.61,67.60,,0.0003,128,0,0.9277,,성능하락,Learning Rate 0.0003에서 학습이 충분히 진행되지 않음
CNN-18_03,,,10,10,77.47,73.92,,0.001,128,0,0.7647,,상위권,LR 0.001과 Dense 128 조합에서 높은 Validation 성능
CNN-18_04,,,10,10,72.15,71.78,,0.001,128,0.0005,1.0315,,성능하락,L2 0.0005 적용 시 성능 저하
CNN-18_05,,,10,10,73.89,70.08,,0.0005,256,0.0001,0.9344,,성능하락,낮은 Learning Rate와 L2 조합에서 성능 저하
CNN-18_06,,,10,8,76.28,71.80,,0.002,128,0.0001,0.9277,,과적합경향,Epoch 8에서 Validation 최고점 이후 성능 하락
CNN-18_07,,,10,10,69.02,68.38,,0.0003,256,0.0001,0.9687,,성능하락,Learning Rate 0.0003 영역에서 성능 낮음
CNN-18_08,,,10,10,68.93,70.32,,0.0005,64,0.00001,0.8772,,중간,약한 L2 적용. Validation이 Train보다 높게 나타남
CNN-18_09,,,10,10,67.33,67.98,,0.002,64,0.0005,1.0968,,성능하락,높은 Learning Rate와 강한 L2 조합에서 성능 저하
CNN-18_10,,,10,10,68.67,69.70,,0.0005,128,0.0005,1.0318,,성능하락,L2 0.0005가 과도한 규제로 작용한 것으로 보임
CNN-18_11,,,10,9,74.57,71.40,,0.0005,256,0.00001,0.8414,,중간,Epoch 9에서 최고점. Dense 256의 개선 효과는 제한적
CNN-18_12,,,10,9,72.56,72.24,,0.002,256,0.0005,1.0144,,중간,Validation Accuracy는 비교적 높지만 Validation Loss가 높음
CNN-18_13,,,10,10,65.16,66.98,,0.0003,64,0,0.9517,,성능하락,Learning Rate가 낮아 학습 성능 부족
CNN-18_14,,,10,10,66.63,66.08,,0.0003,256,0.0005,1.1152,,성능하락,20개 실험 중 가장 낮은 Validation 성능
CNN-18_15,,,10,10,79.58,73.80,,0.001,256,0,0.7940,,상위권,LR 0.001에서 Dense 256도 높은 성능 확인
CNN-18_16,,,10,10,77.26,74.24,,0.001,128,0.00001,0.7719,,최고성능,20개 실험 중 가장 높은 Validation 성능
CNN-18_17,,,10,9,77.17,70.80,,0.002,256,0.0001,0.9402,,과적합경향,Epoch 9 최고점 이후 Validation Accuracy가 크게 하락
CNN-18_18,,,10,10,63.81,66.34,,0.0003,64,0.0001,1.0022,,성능하락,낮은 Learning Rate와 L2 조합에서 성능 저하
CNN-18_19,,,10,10,73.54,71.68,,0.002,64,0.00001,0.8554,,중간,높은 Learning Rate에서도 약한 L2는 비교적 안정적
CNN-18_20,,,10,10,71.43,69.38,,0.0005,128,0.00001,0.8741,,성능하락,L2보다 Learning Rate 영향이 더 크게 나타남
CNN-19_1,,,17,10,72.37,72.64,,0.001,64,0,0.7987,,중간,Early Stopping 적용. Epoch 17 종료 / Epoch 10 선택
CNN-19_2,,,28,21,77.73,74.06,,0.0003,128,0,0.7478,,상위권,낮은 Learning Rate에서도 충분히 학습하면 성능 상승
CNN-19_3,,,18,11,79.04,74.88,,0.001,128,0,0.7571,,상위권,CNN-18보다 Epoch를 더 학습하면서 성능 상승
CNN-19_4,,,18,11,73.85,72.88,,0.001,128,0.0005,0.9985,,중간,L2 0.0005 적용
CNN-19_5,,,22,15,79.94,74.82,,0.0005,256,0.0001,0.8357,,상위권,LR 0.0005에서 좋은 성능
CNN-19_6,,,16,9,74.88,73.30,,0.002,128,0.0001,0.9082,,중간,높은 Learning Rate로 비교적 일찍 종료
CNN-19_7,,,31,24,81.66,75.64,,0.0003,256,0.0001,0.8183,,최고권,낮은 Learning Rate가 긴 학습 후 높은 성능
CNN-19_8,,,30,23,79.10,74.52,,0.0005,64,0.00001,0.7777,,상위권,Dense 64에서도 충분히 학습하면 성능 상승
CNN-19_9,,,18,11,68.14,70.50,,0.002,64,0.0005,1.0336,,성능하락,높은 Learning Rate와 강한 L2 조합
CNN-19_10,,,29,22,78.18,75.76,,0.0005,128,0.0005,0.9408,,최고성능,20개 중 가장 높은 Validation Accuracy
CNN-19_11,,,21,14,79.32,75.42,,0.0005,256,0.00001,0.7417,,최고권,높은 Validation Accuracy와 낮은 Loss
CNN-19_12,,,16,9,71.59,71.94,,0.002,256,0.0005,1.0365,,성능하락,높은 Learning Rate와 강한 L2
CNN-19_13,,,34,27,78.06,73.94,,0.0003,64,0,0.7477,,상위권,낮은 Learning Rate는 더 긴 학습 필요
CNN-19_14,,,35,29,79.92,75.06,,0.0003,256,0.0005,0.9515,,상위권,Epoch 29까지 학습 후 좋은 성능
CNN-19_15,,,17,10,79.51,73.56,,0.001,256,0,0.8080,,중간,Dense 256이지만 성능 개선은 제한적
CNN-19_16,,,17,10,77.28,74.20,,0.001,128,0.00001,0.7762,,상위권,CNN-18_16과 비슷한 설정
CNN-19_17,,,16,9,75.36,72.42,,0.002,256,0.0001,0.9469,,중간,높은 Learning Rate로 일찍 종료
CNN-19_18,,,41,34,79.29,74.78,,0.0003,64,0.0001,0.8110,,상위권,가장 늦게 Early Stopping 발생
CNN-19_19,,,16,9,71.52,71.64,,0.002,64,0.00001,0.8368,,성능하락,Learning Rate 0.002 영역 성능 낮음
CNN-19_20,,,23,16,78.07,74.30,,0.0005,128,0.00001,0.7626,,상위권,LR 0.0005 영역에서 안정적인 성능
